<?xml version="1.0" encoding="UTF-8"?>
<con:soapui-project id="26667f1a-a954-4129-94d4-efbb659e0809" activeEnvironment="Default" name="Banke" resourceRoot="${projectDir}" soapui-version="5.7.0" abortOnError="false" runType="SEQUENTIAL" xmlns:con="http://eviware.com/soapui/config"><con:settings/><con:interface xsi:type="con:RestService" id="511446bc-b847-40ec-a261-b262fb647a79" wadlVersion="http://wadl.dev.java.net/2009/02" name="http://localhost:8081" type="rest" xmlns:xsi="http://www.w3.org/2001/XMLSchema-instance"><con:settings/><con:definitionCache type="TEXT" rootPart=""/><con:endpoints><con:endpoint>http://localhost:8081</con:endpoint></con:endpoints><con:resource name="" path="/banka" id="5dff3a22-ab72-4a91-a18a-e663e22116a9"><con:settings/><con:parameters/><con:resource name="{idBanke}" path="{idBanke}" id="ecb6163e-75ff-4844-9909-39330065712d"><con:settings/><con:parameters><con:parameter><con:name>idBanke</con:name><con:value>idBanke</con:value><con:style>TEMPLATE</con:style><con:default>idBanke</con:default></con:parameter></con:parameters><con:method name="getBankByID" id="966f8e14-c330-48dc-830a-0a0228193819" method="GET"><con:settings/><con:parameters/><con:representation type="RESPONSE"><con:mediaType>application/json</con:mediaType><con:status>200</con:status><con:params/><con:element xmlns:ns="http://localhost/banka/2">ns:Response</con:element></con:representation><con:representation type="FAULT"><con:mediaType>text/plain;charset=UTF-8</con:mediaType><con:status>404</con:status><con:params/><con:element>data</con:element></con:representation><con:request name="Request 1" id="53c39700-ba90-4007-bd36-5f33a039b239" mediaType="application/json"><con:settings><con:setting id="com.eviware.soapui.impl.wsdl.WsdlRequest@request-headers">&lt;xml-fragment/></con:setting></con:settings><con:endpoint>http://localhost:8081</con:endpoint><con:request/><con:originalUri>http://localhost/banka/2</con:originalUri><con:credentials><con:authType>No Authorization</con:authType></con:credentials><con:jmsConfig JMSDeliveryMode="PERSISTENT"/><con:jmsPropertyConfig/><con:parameters><entry key="idBanke" value="1" xmlns="http://eviware.com/soapui/config"/></con:parameters></con:request></con:method><con:method name="UpdateBank" id="594334ee-bab3-4b21-9d9c-ee5a664bb2c0" method="PUT"><con:settings/><con:parameters/><con:representation type="REQUEST"><con:mediaType>application/json</con:mediaType><con:params/></con:representation><con:representation type="RESPONSE"><con:mediaType>application/json</con:mediaType><con:status>200</con:status><con:params/><con:element xmlns:ns="http://localhost/banka/5">ns:Response</con:element></con:representation><con:request name="Request 1" id="78442e38-1d44-42a4-9ddc-5b1ad4e0c9d2" mediaType="application/json" postQueryString="false"><con:settings><con:setting id="com.eviware.soapui.impl.wsdl.WsdlRequest@request-headers">&lt;xml-fragment/></con:setting></con:settings><con:endpoint>http://localhost:8081</con:endpoint><con:request>     {
      "idBanke": 2,
      "nazivBanke": "Ref Banka",
      "kontaktBanke": "(381)11/2205-500",
      "pib": 100228221
   },</con:request><con:originalUri>http://localhost/banka/5</con:originalUri><con:credentials><con:authType>No Authorization</con:authType></con:credentials><con:jmsConfig JMSDeliveryMode="PERSISTENT"/><con:jmsPropertyConfig/><con:parameters><entry key="idBanke" value="5" xmlns="http://eviware.com/soapui/config"/></con:parameters></con:request></con:method><con:method name="DeleteBank" id="3e50aab2-eeee-4b84-ba16-ccb5e62049b9" method="DELETE"><con:settings/><con:parameters/><con:representation type="FAULT"><con:mediaType>application/json</con:mediaType><con:status>500</con:status><con:params/><con:element xmlns:ns="http://localhost/banka/3">ns:Fault</con:element></con:representation><con:representation type="REQUEST"><con:mediaType>application/json</con:mediaType><con:params/></con:representation><con:representation type="FAULT"><con:mediaType>text/plain;charset=UTF-8</con:mediaType><con:status>409</con:status><con:params/><con:element>data</con:element></con:representation><con:representation type="RESPONSE"><con:mediaType>text/plain;charset=UTF-8</con:mediaType><con:status>200</con:status><con:params/><con:element>data</con:element></con:representation><con:request name="Request 1" id="db7e790a-de86-4f8b-bfb1-e51e13e7c75d" mediaType="application/json" postQueryString="false"><con:settings><con:setting id="com.eviware.soapui.impl.wsdl.WsdlRequest@request-headers">&lt;xml-fragment/></con:setting></con:settings><con:endpoint>http://localhost:8081</con:endpoint><con:request/><con:originalUri>http://localhost/banka/3</con:originalUri><con:credentials><con:authType>No Authorization</con:authType></con:credentials><con:jmsConfig JMSDeliveryMode="PERSISTENT"/><con:jmsPropertyConfig/><con:parameters><entry key="idBanke" value="2" xmlns="http://eviware.com/soapui/config"/></con:parameters></con:request></con:method></con:resource><con:method name="getBanke" id="0842600c-a885-4c5b-a187-0368f0e55bcc" method="GET"><con:settings/><con:parameters/><con:representation type="FAULT"><con:mediaType>application/json</con:mediaType><con:status>404</con:status><con:params/><con:element xmlns:ban="http://localhost/banke">ban:Fault</con:element></con:representation><con:representation type="RESPONSE"><con:mediaType>application/json</con:mediaType><con:status>200</con:status><con:params/><con:element>Response</con:element></con:representation><con:representation type="RESPONSE"><con:mediaType xsi:nil="true"/><con:status>0</con:status><con:params/><con:element>data</con:element></con:representation><con:representation type="RESPONSE"><con:mediaType xsi:nil="true"/><con:status>0</con:status><con:params/><con:element>data</con:element></con:representation><con:representation type="RESPONSE"><con:mediaType xsi:nil="true"/><con:status>0</con:status><con:params/><con:element>data</con:element></con:representation><con:request name="Request 1" id="101b2ab3-6b45-4266-b249-a393890f4715" mediaType="application/json"><con:settings><con:setting id="com.eviware.soapui.impl.wsdl.WsdlRequest@request-headers">&lt;xml-fragment/></con:setting></con:settings><con:endpoint>http://localhost:8081</con:endpoint><con:request/><con:originalUri>http://localhost/banke</con:originalUri><con:credentials><con:authType>No Authorization</con:authType></con:credentials><con:jmsConfig JMSDeliveryMode="PERSISTENT"/><con:jmsPropertyConfig/><con:parameters/></con:request></con:method><con:method name="AddBank" id="10c65f14-a239-4930-af80-4a249ceeebd9" method="POST"><con:settings/><con:parameters/><con:representation type="FAULT"><con:mediaType>text/plain;charset=UTF-8</con:mediaType><con:status>409</con:status><con:params/><con:element>data</con:element></con:representation><con:representation type="REQUEST"><con:mediaType>application/json</con:mediaType><con:params/></con:representation><con:representation type="RESPONSE"><con:mediaType>application/json</con:mediaType><con:status>200</con:status><con:params/><con:element xmlns:ban="http://localhost/banka">ban:Response</con:element></con:representation><con:request name="Request 1" id="0d888073-a09d-43ef-94f6-924f272d47cf" mediaType="application/json" postQueryString="false"><con:settings><con:setting id="com.eviware.soapui.impl.wsdl.WsdlRequest@request-headers">&lt;xml-fragment/></con:setting></con:settings><con:endpoint>http://localhost:8081</con:endpoint><con:request>    {
      "idBanke": 100,
      "nazivBanke": "Raffisen Banka",
      "kontaktBanke": "(381)11/2205-521",
      "pib": 100228784
   },</con:request><con:originalUri>http://localhost/banka</con:originalUri><con:credentials><con:authType>No Authorization</con:authType></con:credentials><con:jmsConfig JMSDeliveryMode="PERSISTENT"/><con:jmsPropertyConfig/><con:parameters/></con:request></con:method></con:resource><con:resource name="{naziv}" path="/bankaNaziv/{naziv}" id="99045368-bbe0-41f5-ad93-949af22db620"><con:settings/><con:parameters><con:parameter><con:name>naziv</con:name><con:value>naziv</con:value><con:style>TEMPLATE</con:style><con:default>naziv</con:default></con:parameter></con:parameters><con:method name="getBankByNazivBanke" id="457a1711-0d2e-463d-8bbe-2ce24c772dc2" method="GET"><con:settings/><con:parameters/><con:representation type="RESPONSE"><con:mediaType>application/json</con:mediaType><con:status>200</con:status><con:params/><con:element>Response</con:element></con:representation><con:request name="Request 1" id="edd419e7-44ed-4eb7-b2fc-d8c310d0249c" mediaType="application/json"><con:settings><con:setting id="com.eviware.soapui.impl.wsdl.WsdlRequest@request-headers">&lt;xml-fragment/></con:setting></con:settings><con:endpoint>http://localhost:8081</con:endpoint><con:request/><con:originalUri>http://localhost/bankaNaziv/Adiko</con:originalUri><con:credentials><con:authType>No Authorization</con:authType></con:credentials><con:jmsConfig JMSDeliveryMode="PERSISTENT"/><con:jmsPropertyConfig/><con:parameters><entry key="naziv" value="Adiko" xmlns="http://eviware.com/soapui/config"/></con:parameters></con:request></con:method></con:resource><con:resource name="{pocetakNaziva}" path="/bankaPocetnoSlovo/{pocetakNaziva}" id="45057f4f-d3fd-4f5b-a906-4afbc8de20d3"><con:settings/><con:parameters><con:parameter><con:name>pocetakNaziva</con:name><con:value>pocetakNaziva</con:value><con:style>TEMPLATE</con:style><con:default>pocetakNaziva</con:default></con:parameter></con:parameters><con:method name="getBankByPocetnoSlovo" id="9695a1e5-0f81-4201-9013-20e22bc7444b" method="GET"><con:settings/><con:parameters/><con:representation type="RESPONSE"><con:mediaType>application/json</con:mediaType><con:status>200</con:status><con:params/><con:element>Response</con:element></con:representation><con:request name="Request 1" id="8b59d507-4240-4394-b4d0-06a5825bb539" mediaType="application/json"><con:settings><con:setting id="com.eviware.soapui.impl.wsdl.WsdlRequest@request-headers">&lt;xml-fragment/></con:setting></con:settings><con:endpoint>http://localhost:8081</con:endpoint><con:request/><con:originalUri>http://localhost/bankaPocetnoSlovo/a</con:originalUri><con:credentials><con:authType>No Authorization</con:authType></con:credentials><con:jmsConfig JMSDeliveryMode="PERSISTENT"/><con:jmsPropertyConfig/><con:parameters><entry key="pocetakNaziva" value="a" xmlns="http://eviware.com/soapui/config"/></con:parameters></con:request></con:method></con:resource><con:resource name="filijala" path="/filijala" id="c71e0321-d95f-4ca0-818b-dfd2f0df1a99"><con:settings/><con:parameters/><con:resource name="{idFilijale}" path="{idFilijale}" id="cda45ca3-039a-4b39-b037-ffdf6605f9dc"><con:settings/><con:parameters><con:parameter><con:name>idFilijale</con:name><con:value>idFilijale</con:value><con:style>TEMPLATE</con:style><con:default>idFilijale</con:default></con:parameter></con:parameters><con:method name="getFilijalaById" id="68d14016-054d-4a69-917c-3382cf6fe387" method="GET"><con:settings/><con:parameters/><con:representation type="RESPONSE"><con:mediaType>application/json</con:mediaType><con:status>200</con:status><con:params/><con:element xmlns:ns="http://localhost/filijala/2">ns:Response</con:element></con:representation><con:request name="Request 1" id="00c561e6-4f8e-4f6b-b0a4-6c4f16f444ab" mediaType="application/json"><con:settings><con:setting id="com.eviware.soapui.impl.wsdl.WsdlRequest@request-headers">&lt;xml-fragment/></con:setting></con:settings><con:endpoint>http://localhost:8081</con:endpoint><con:request/><con:originalUri>http://localhost/filijala/2</con:originalUri><con:credentials><con:authType>No Authorization</con:authType></con:credentials><con:jmsConfig JMSDeliveryMode="PERSISTENT"/><con:jmsPropertyConfig/><con:parameters><entry key="idFilijale" value="2" xmlns="http://eviware.com/soapui/config"/></con:parameters></con:request></con:method><con:method name="UpdateFilijala" id="e1bcee7d-77e0-4148-b93e-7de6b632b105" method="PUT"><con:settings/><con:parameters/><con:representation type="REQUEST"><con:mediaType>application/json</con:mediaType><con:params/></con:representation><con:representation type="FAULT"><con:mediaType>application/json</con:mediaType><con:status>400</con:status><con:params/><con:element xmlns:ns="http://localhost/filijala/2">ns:Fault</con:element></con:representation><con:representation type="RESPONSE"><con:mediaType>application/json</con:mediaType><con:status>200</con:status><con:params/><con:element xmlns:ns="http://localhost/filijala/2">ns:Response</con:element></con:representation><con:request name="Request 1" id="c130a946-3f64-4fa5-bb8a-1bd54177e0e5" mediaType="application/json" postQueryString="false"><con:settings><con:setting id="com.eviware.soapui.impl.wsdl.WsdlRequest@request-headers">&lt;xml-fragment/></con:setting></con:settings><con:endpoint>http://localhost:8081</con:endpoint><con:request>{
"idFilijale": 5,
"adresaFilijale": "Novi Sad,Bulevar Oslobodjenja 132",
"brojPultova": 10,
"posjedujeSefa": true,
"banka": {
"idBanke": 1
}
}</con:request><con:originalUri>http://localhost/filijala/2</con:originalUri><con:credentials><con:authType>No Authorization</con:authType></con:credentials><con:jmsConfig JMSDeliveryMode="PERSISTENT"/><con:jmsPropertyConfig/><con:parameters><entry key="idFilijale" value="1" xmlns="http://eviware.com/soapui/config"/></con:parameters></con:request></con:method><con:method name="DeleteFilijala" id="bf636cc0-8fed-4cba-b11f-327b1605dca4" method="DELETE"><con:settings/><con:parameters/><con:representation type="REQUEST"><con:mediaType>application/json</con:mediaType><con:params/></con:representation><con:representation type="FAULT"><con:mediaType>application/json</con:mediaType><con:status>500</con:status><con:params/><con:element xmlns:ns="http://localhost/filijala/2">ns:Fault</con:element></con:representation><con:representation type="RESPONSE"><con:mediaType>text/plain;charset=UTF-8</con:mediaType><con:status>200</con:status><con:params/><con:element>data</con:element></con:representation><con:request name="Request 1" id="c986ff21-cd40-42ab-8bdf-d778702465f6" mediaType="application/json" postQueryString="false"><con:settings><con:setting id="com.eviware.soapui.impl.wsdl.WsdlRequest@request-headers">&lt;xml-fragment/></con:setting></con:settings><con:endpoint>http://localhost:8081</con:endpoint><con:request/><con:originalUri>http://localhost/filijala/2</con:originalUri><con:credentials><con:authType>No Authorization</con:authType></con:credentials><con:jmsConfig JMSDeliveryMode="PERSISTENT"/><con:jmsPropertyConfig/><con:parameters><entry key="idFilijale" value="3" xmlns="http://eviware.com/soapui/config"/></con:parameters></con:request></con:method></con:resource><con:method name="getFilijala" id="e11f75d0-f385-4530-bb61-a581ef50e99f" method="GET"><con:settings/><con:parameters/><con:representation type="RESPONSE"><con:mediaType>application/json</con:mediaType><con:status>200</con:status><con:params/><con:element>Response</con:element></con:representation><con:request name="Request 1" id="c8fbabe3-4101-47ef-8208-3fa1e9772fdc" mediaType="application/json"><con:settings><con:setting id="com.eviware.soapui.impl.wsdl.WsdlRequest@request-headers">&lt;xml-fragment/></con:setting></con:settings><con:endpoint>http://localhost:8081</con:endpoint><con:request/><con:originalUri>http://localhost/filijala</con:originalUri><con:credentials><con:authType>No Authorization</con:authType></con:credentials><con:jmsConfig JMSDeliveryMode="PERSISTENT"/><con:jmsPropertyConfig/><con:parameters/></con:request></con:method><con:method name="AddFilijala" id="6009cbbc-343c-4f1a-8d08-6ec063a8d856" method="POST"><con:settings/><con:parameters/><con:representation type="REQUEST"><con:mediaType>application/json</con:mediaType><con:params/></con:representation><con:representation type="RESPONSE"><con:mediaType>application/json</con:mediaType><con:status>200</con:status><con:params/><con:element xmlns:fil="http://localhost/filijala">fil:Response</con:element></con:representation><con:representation type="FAULT"><con:mediaType>application/json</con:mediaType><con:status>500</con:status><con:params/><con:element xmlns:fil="http://localhost/filijala">fil:Fault</con:element></con:representation><con:request name="Request 1" id="07b8a59b-415a-4d8b-868c-6022e83b2659" mediaType="application/json" postQueryString="false"><con:settings><con:setting id="com.eviware.soapui.impl.wsdl.WsdlRequest@request-headers">&lt;xml-fragment/></con:setting></con:settings><con:endpoint>http://localhost:8081</con:endpoint><con:request>{
"idFilijale": -100,
"adresaFilijale": "Novi Sad,Bulevar Oslobodjenja 132",
"brojPultova": 6,
"posjedujeSefa": true,
"banka": {
"idBanke": 3
}
}</con:request><con:originalUri>http://localhost/filijala</con:originalUri><con:credentials><con:authType>No Authorization</con:authType></con:credentials><con:jmsConfig JMSDeliveryMode="PERSISTENT"/><con:jmsPropertyConfig/><con:parameters/></con:request></con:method></con:resource><con:resource name="{adresa}" path="/filijalaAdresa/{adresa}" id="58309128-ff7e-43bd-af7a-991cd2345b5f"><con:settings/><con:parameters><con:parameter><con:name>adresa</con:name><con:value>adresa</con:value><con:style>TEMPLATE</con:style><con:default>adresa</con:default></con:parameter></con:parameters><con:method name="getFilijalaByAdresa" id="e57fec6d-ca2d-4f91-ad39-2e3b31f4bbe6" method="GET"><con:settings/><con:parameters/><con:representation type="RESPONSE"><con:mediaType>application/json</con:mediaType><con:status>200</con:status><con:params/><con:element>Response</con:element></con:representation><con:representation type="RESPONSE"><con:mediaType xsi:nil="true"/><con:status>0</con:status><con:params/><con:element>data</con:element></con:representation><con:request name="Request 1" id="dcda5821-9718-447c-bfc5-cdd34891459a" mediaType="application/json"><con:settings><con:setting id="com.eviware.soapui.impl.wsdl.WsdlRequest@request-headers">&lt;xml-fragment/></con:setting></con:settings><con:endpoint>http://localhost:8081</con:endpoint><con:request/><con:originalUri>http://localhost/filijalaAdresa/Novi%20Sad</con:originalUri><con:credentials><con:authType>No Authorization</con:authType></con:credentials><con:jmsConfig JMSDeliveryMode="PERSISTENT"/><con:jmsPropertyConfig/><con:parameters><entry key="adresa" value="Novi Sad" xmlns="http://eviware.com/soapui/config"/></con:parameters></con:request></con:method></con:resource><con:resource name="{pocetakAdresa}" path="/filijalaPocetnoSlovo/{pocetakAdresa}" id="dd9f907e-7ade-4870-b464-f24b530f4309"><con:settings/><con:parameters><con:parameter><con:name>pocetakAdresa</con:name><con:value>pocetakAdresa</con:value><con:style>TEMPLATE</con:style><con:default>pocetakAdresa</con:default></con:parameter></con:parameters><con:method name="getFilijalaByPocetnoSlovoAdrese" id="41d1f9f3-bbc5-4d36-8817-cbf1b1b442b2" method="GET"><con:settings/><con:parameters/><con:representation type="RESPONSE"><con:mediaType>application/json</con:mediaType><con:status>200</con:status><con:params/><con:element>Response</con:element></con:representation><con:representation type="FAULT"><con:mediaType>text/plain;charset=UTF-8</con:mediaType><con:status>404</con:status><con:params/><con:element>data</con:element></con:representation><con:request name="Request 1" id="d8c38021-ddf2-4e06-9003-9d5dcdda0a68" mediaType="application/json"><con:settings><con:setting id="com.eviware.soapui.impl.wsdl.WsdlRequest@request-headers">&lt;xml-fragment/></con:setting></con:settings><con:endpoint>http://localhost:8081</con:endpoint><con:request/><con:originalUri>http://localhost/filijalaPocetnoSlovo/N</con:originalUri><con:credentials><con:authType>No Authorization</con:authType></con:credentials><con:jmsConfig JMSDeliveryMode="PERSISTENT"/><con:jmsPropertyConfig/><con:parameters><entry key="pocetakAdresa" value="N" xmlns="http://eviware.com/soapui/config"/></con:parameters></con:request></con:method></con:resource><con:resource name="korisnik" path="/korisnik" id="4c9ba668-0cc1-4cb6-9724-8f636a8777b1"><con:settings/><con:parameters/><con:resource name="{idKorisnika}" path="{idKorisnika}" id="9b9cf3a2-58f5-43dd-87e1-eb32d87080ad"><con:settings/><con:parameters><con:parameter><con:name>idKorisnika</con:name><con:value>idKorisnika</con:value><con:style>TEMPLATE</con:style><con:default>idKorisnika</con:default></con:parameter></con:parameters><con:method name="getKorisnikByID" id="4722f0c1-28f3-4964-ab77-518ff0d699be" method="GET"><con:settings/><con:parameters/><con:representation type="RESPONSE"><con:mediaType>application/json</con:mediaType><con:status>200</con:status><con:params/><con:element xmlns:idk="http://localhost/korisnik/idKorisnika">idk:Response</con:element></con:representation><con:request name="Request 1" id="607a1f2a-5121-4454-a4d7-9e7c0f592476" mediaType="application/json"><con:settings/><con:endpoint>http://localhost:8081</con:endpoint><con:request/><con:credentials><con:authType>No Authorization</con:authType></con:credentials><con:jmsConfig JMSDeliveryMode="PERSISTENT"/><con:jmsPropertyConfig/><con:parameters/></con:request></con:method><con:method name="UpdateKorisnik" id="aa173823-ac6c-4dd2-94ad-08c668241625" method="PUT"><con:settings/><con:parameters/><con:representation type="RESPONSE"><con:mediaType>application/json</con:mediaType><con:status>200</con:status><con:params/><con:element xmlns:ns="http://localhost/korisnik/4">ns:Response</con:element></con:representation><con:representation type="REQUEST"><con:mediaType>application/json</con:mediaType><con:params/></con:representation><con:request name="Request 1" id="a8484d2b-ca35-47fa-ba14-028d98fdf547" mediaType="application/json" postQueryString="false"><con:settings><con:setting id="com.eviware.soapui.impl.wsdl.WsdlRequest@request-headers">&lt;xml-fragment/></con:setting></con:settings><con:endpoint>http://localhost:8081</con:endpoint><con:request> {
      "imeKorisnika": "Andrija",
      "prezimKorisnika": "Kuzman",
      "maticniBroj": "1705001152133",
      "idKorisnika": 2
 }</con:request><con:originalUri>http://localhost/korisnik/4</con:originalUri><con:credentials><con:authType>No Authorization</con:authType></con:credentials><con:jmsConfig JMSDeliveryMode="PERSISTENT"/><con:jmsPropertyConfig/><con:parameters><entry key="idKorisnika" value="4" xmlns="http://eviware.com/soapui/config"/></con:parameters></con:request></con:method><con:method name="DeleteKorisnik" id="ccd897d4-9fd6-44e5-89ab-c2de050dc0e1" method="DELETE"><con:settings/><con:parameters/><con:representation type="RESPONSE"><con:mediaType>text/plain;charset=UTF-8</con:mediaType><con:status>200</con:status><con:params/><con:element>data</con:element></con:representation><con:representation type="REQUEST"><con:mediaType>application/json</con:mediaType><con:params/></con:representation><con:request name="Request 1" id="a2351e77-e73a-40f4-9d91-6a2cfaf4ba77" mediaType="application/json" postQueryString="false"><con:settings><con:setting id="com.eviware.soapui.impl.wsdl.WsdlRequest@request-headers">&lt;xml-fragment/></con:setting></con:settings><con:endpoint>http://localhost:8081</con:endpoint><con:request/><con:originalUri>http://localhost/korisnik/5</con:originalUri><con:credentials><con:authType>No Authorization</con:authType></con:credentials><con:jmsConfig JMSDeliveryMode="PERSISTENT"/><con:jmsPropertyConfig/><con:parameters><entry key="idKorisnika" value="5" xmlns="http://eviware.com/soapui/config"/></con:parameters></con:request></con:method></con:resource><con:method name="getAllKorisnik" id="14c98cd4-de79-4c4f-a1a1-ef6ea5e0581e" method="GET"><con:settings/><con:parameters/><con:representation type="RESPONSE"><con:mediaType>application/json</con:mediaType><con:status>200</con:status><con:params/><con:element>Response</con:element></con:representation><con:request name="Request 1" id="21a01e14-6b79-4ce9-ae50-6771878c1b6b" mediaType="application/json"><con:settings><con:setting id="com.eviware.soapui.impl.wsdl.WsdlRequest@request-headers">&lt;xml-fragment/></con:setting></con:settings><con:endpoint>http://localhost:8081</con:endpoint><con:request/><con:originalUri>http://localhost/korisnik</con:originalUri><con:credentials><con:authType>No Authorization</con:authType></con:credentials><con:jmsConfig JMSDeliveryMode="PERSISTENT"/><con:jmsPropertyConfig/><con:parameters/></con:request></con:method><con:method name="addKorisnik" id="e49fb139-7a49-44d0-9753-45370bfc97aa" method="POST"><con:settings/><con:parameters/><con:representation type="REQUEST"><con:mediaType>application/json</con:mediaType><con:params/></con:representation><con:representation type="RESPONSE"><con:mediaType>application/json</con:mediaType><con:status>200</con:status><con:params/><con:element xmlns:kor="http://localhost/korisnik">kor:Response</con:element></con:representation><con:request name="Request 1" id="c93e27fa-e34d-4ada-a809-f3a7f180ce3d" mediaType="application/json" postQueryString="false"><con:settings><con:setting id="com.eviware.soapui.impl.wsdl.WsdlRequest@request-headers">&lt;xml-fragment/></con:setting></con:settings><con:endpoint>http://localhost:8081</con:endpoint><con:request> {
      "imeKorisnika": "Pedja",
      "prezimKorisnika": "Kuzman",
      "maticniBroj": "1705001153230",
      "idKorisnika": -100
 }</con:request><con:originalUri>http://localhost/korisnik</con:originalUri><con:credentials><con:authType>No Authorization</con:authType></con:credentials><con:jmsConfig JMSDeliveryMode="PERSISTENT"/><con:jmsPropertyConfig/><con:parameters/></con:request></con:method></con:resource><con:resource name="{ime}" path="/imeKorisnika/{ime}" id="9638254c-da39-40bb-b490-ab3cfd5d4004"><con:settings/><con:parameters><con:parameter><con:name>ime</con:name><con:value>ime</con:value><con:style>TEMPLATE</con:style><con:default>ime</con:default></con:parameter></con:parameters><con:method name="getKorisnikByIme" id="33512c14-2218-4f7b-bde9-2a32f34293d3" method="GET"><con:settings/><con:parameters/><con:representation type="RESPONSE"><con:mediaType>application/json</con:mediaType><con:status>200</con:status><con:params/><con:element>Response</con:element></con:representation><con:request name="Request 1" id="95f3e411-2d93-4a29-8b16-86dae97a832c" mediaType="application/json"><con:settings/><con:endpoint>http://localhost:8081</con:endpoint><con:request/><con:credentials><con:authType>No Authorization</con:authType></con:credentials><con:jmsConfig JMSDeliveryMode="PERSISTENT"/><con:jmsPropertyConfig/><con:parameters/></con:request></con:method></con:resource><con:resource name="{pocetakImena}" path="/korisnikPocetnoSlovo/{pocetakImena}" id="a3cb877d-f38c-4ca4-bffe-b159ff2df853"><con:settings/><con:parameters><con:parameter><con:name>pocetakImena</con:name><con:value>pocetakImena</con:value><con:style>TEMPLATE</con:style><con:default>pocetakImena</con:default></con:parameter></con:parameters><con:method name="getKorisnikByPSI" id="d324971e-bb8a-4125-bda1-a339cca57543" method="GET"><con:settings/><con:parameters/><con:representation type="RESPONSE"><con:mediaType>application/json</con:mediaType><con:status>200</con:status><con:params/><con:element>Response</con:element></con:representation><con:request name="Request 1" id="ee9f5eeb-f96a-4dfe-b2ae-8518e5734cbe" mediaType="application/json"><con:settings/><con:endpoint>http://localhost:8081</con:endpoint><con:request/><con:credentials><con:authType>No Authorization</con:authType></con:credentials><con:jmsConfig JMSDeliveryMode="PERSISTENT"/><con:jmsPropertyConfig/><con:parameters/></con:request></con:method></con:resource><con:resource name="usluga" path="/usluga" id="6b216f1f-2c1c-441a-8bc6-3fc6c88401cd"><con:settings/><con:parameters/><con:resource name="{idUsluge}" path="{idUsluge}" id="af3f5fad-6882-4fec-aafe-50e8b80ee4cc"><con:settings/><con:parameters><con:parameter><con:name>idUsluge</con:name><con:value>idUsluge</con:value><con:style>TEMPLATE</con:style><con:default>idUsluge</con:default></con:parameter></con:parameters><con:method name="getUslugaByID" id="b61c2c41-64e3-4f09-9b3b-dd6f09776edf" method="GET"><con:settings/><con:parameters/><con:representation type="FAULT"><con:mediaType>text/plain;charset=UTF-8</con:mediaType><con:status>404</con:status><con:params/><con:element>data</con:element></con:representation><con:representation type="RESPONSE"><con:mediaType>application/json</con:mediaType><con:status>200</con:status><con:params/><con:element xmlns:ns="http://localhost/usluga/1">ns:Response</con:element></con:representation><con:request name="Request 1" id="7c04984e-711a-4d77-9ea9-5e1259567429" mediaType="application/json"><con:settings><con:setting id="com.eviware.soapui.impl.wsdl.WsdlRequest@request-headers">&lt;xml-fragment/></con:setting></con:settings><con:endpoint>http://localhost:8081</con:endpoint><con:request/><con:originalUri>http://localhost/usluga/1</con:originalUri><con:credentials><con:authType>No Authorization</con:authType></con:credentials><con:jmsConfig JMSDeliveryMode="PERSISTENT"/><con:jmsPropertyConfig/><con:parameters><entry key="idUsluge" value="6" xmlns="http://eviware.com/soapui/config"/></con:parameters></con:request></con:method><con:method name="UpdateUsluga" id="d5569b45-9551-426a-9772-a5090f07ef58" method="PUT"><con:settings/><con:parameters/><con:representation type="REQUEST"><con:mediaType>application/json</con:mediaType><con:params/></con:representation><con:representation type="FAULT"><con:mediaType>application/json</con:mediaType><con:status>400</con:status><con:params/><con:element xmlns:ns="http://localhost/usluga/8">ns:Fault</con:element></con:representation><con:representation type="RESPONSE"><con:mediaType>application/json</con:mediaType><con:status>200</con:status><con:params/><con:element xmlns:ns="http://localhost/usluga/8">ns:Response</con:element></con:representation><con:request name="Request 1" id="19b025b7-764b-4437-9d13-89c6109dec46" mediaType="application/json" postQueryString="false"><con:settings><con:setting id="com.eviware.soapui.impl.wsdl.WsdlRequest@request-headers">&lt;xml-fragment/></con:setting></con:settings><con:endpoint>http://localhost:8081</con:endpoint><con:request> {
      "idUsluge": 10,
      "nazivUsluge": "Uplata",
      "opisUsluge": "Placanje rezija",
      "datumUgovora": "2023-03-10",
      "provizija": 100,
      "filijala":       {
         "idFilijale": 4,
         "banka":          {
            "idBanke": 1
         }
      }
 }</con:request><con:originalUri>http://localhost/usluga/8</con:originalUri><con:credentials><con:authType>No Authorization</con:authType></con:credentials><con:jmsConfig JMSDeliveryMode="PERSISTENT"/><con:jmsPropertyConfig/><con:parameters><entry key="idUsluge" value="8" xmlns="http://eviware.com/soapui/config"/></con:parameters></con:request></con:method><con:method name="DeleteUsluga" id="89034f76-c744-405e-9cd5-b37c72debd85" method="DELETE"><con:settings/><con:parameters/><con:representation type="REQUEST"><con:mediaType>application/json</con:mediaType><con:params/></con:representation><con:representation type="FAULT"><con:mediaType>text/plain;charset=UTF-8</con:mediaType><con:status>409</con:status><con:params/><con:element>data</con:element></con:representation><con:representation type="RESPONSE"><con:mediaType>text/plain;charset=UTF-8</con:mediaType><con:status>200</con:status><con:params/><con:element>data</con:element></con:representation><con:request name="Request 1" id="3e19fcbb-00d8-4345-82d1-96fdb49b1145" mediaType="application/json" postQueryString="false"><con:settings><con:setting id="com.eviware.soapui.impl.wsdl.WsdlRequest@request-headers">&lt;xml-fragment/></con:setting></con:settings><con:endpoint>http://localhost:8081</con:endpoint><con:request/><con:originalUri>http://localhost/usluga/11</con:originalUri><con:credentials><con:authType>No Authorization</con:authType></con:credentials><con:jmsConfig JMSDeliveryMode="PERSISTENT"/><con:jmsPropertyConfig/><con:parameters><entry key="idUsluge" value="10" xmlns="http://eviware.com/soapui/config"/></con:parameters></con:request></con:method></con:resource><con:method name="getAllUsluga" id="a855564e-e55e-43d9-9c93-4af26da62631" method="GET"><con:settings/><con:parameters/><con:representation type="RESPONSE"><con:mediaType xsi:nil="true"/><con:status>0</con:status><con:params/><con:element>data</con:element></con:representation><con:representation type="RESPONSE"><con:mediaType xsi:nil="true"/><con:status>0</con:status><con:params/><con:element>data</con:element></con:representation><con:representation type="RESPONSE"><con:mediaType xsi:nil="true"/><con:status>0</con:status><con:params/><con:element>data</con:element></con:representation><con:representation type="RESPONSE"><con:mediaType>application/json</con:mediaType><con:status>200</con:status><con:params/><con:element>Response</con:element></con:representation><con:request name="Request 1" id="8e189577-3ca5-4a87-821a-895c41a53248" mediaType="application/json"><con:settings><con:setting id="com.eviware.soapui.impl.wsdl.WsdlRequest@request-headers">&lt;xml-fragment/></con:setting></con:settings><con:endpoint>http://localhost:8081</con:endpoint><con:request/><con:originalUri>http://localhost/usluga</con:originalUri><con:credentials><con:authType>No Authorization</con:authType></con:credentials><con:jmsConfig JMSDeliveryMode="PERSISTENT"/><con:jmsPropertyConfig/><con:parameters/></con:request></con:method><con:method name="AddUsluga" id="2330a9ba-9080-44ce-aec2-e673acf17a94" method="POST"><con:settings/><con:parameters/><con:representation type="REQUEST"><con:mediaType>application/json</con:mediaType><con:params/></con:representation><con:representation type="FAULT"><con:mediaType>application/json</con:mediaType><con:status>400</con:status><con:params/><con:element xmlns:usl="http://localhost/usluga">usl:Fault</con:element></con:representation><con:representation type="RESPONSE"><con:mediaType>application/json</con:mediaType><con:status>200</con:status><con:params/><con:element xmlns:usl="http://localhost/usluga">usl:Response</con:element></con:representation><con:request name="Request 1" id="951263e9-a73f-472e-88d2-97afe8c8c7fb" mediaType="application/json" postQueryString="false"><con:settings><con:setting id="com.eviware.soapui.impl.wsdl.WsdlRequest@request-headers">&lt;xml-fragment/></con:setting></con:settings><con:endpoint>http://localhost:8081</con:endpoint><con:request> {
      "idUsluge": -100,
      "nazivUsluge": "Uplata",
      "opisUsluge": "Placanje rezija",
      "datumUgovora": "2023-03-10",
      "provizija": 180,
      "filijala":       {
         "idFilijale": 5,
         "adresaFilijale": "Novi Sad,Danila Kisa 4",
         "brojPultova": 2,
         "posjedujeSefa": false,
         "banka":          {
            "idBanke": 1,
            "nazivBanke": "Adiko Banka",
            "kontaktBanke": "(381)11 222-600",
            "pib": 100228212
         }
      }
}</con:request><con:originalUri>http://localhost/usluga</con:originalUri><con:credentials><con:authType>No Authorization</con:authType></con:credentials><con:jmsConfig JMSDeliveryMode="PERSISTENT"/><con:jmsPropertyConfig/><con:parameters/></con:request></con:method></con:resource><con:resource name="{naziv}" path="/uslugaNaziv/{naziv}" id="562f1a53-8238-402e-a828-499e7e5ffa25"><con:settings/><con:parameters><con:parameter><con:name>naziv</con:name><con:value>naziv</con:value><con:style>TEMPLATE</con:style><con:default>naziv</con:default></con:parameter></con:parameters><con:method name="getUslugaByNaziv" id="c461acff-f1e9-42b9-88c6-9f571728f42a" method="GET"><con:settings/><con:parameters/><con:representation type="RESPONSE"><con:mediaType>application/json</con:mediaType><con:status>200</con:status><con:params/><con:element>Response</con:element></con:representation><con:request name="Request 1" id="13a750b2-1036-4030-adab-dfa15bd0cfcf" mediaType="application/json"><con:settings><con:setting id="com.eviware.soapui.impl.wsdl.WsdlRequest@request-headers">&lt;xml-fragment/></con:setting></con:settings><con:endpoint>http://localhost:8081</con:endpoint><con:request/><con:originalUri>http://localhost/uslugaNaziv/uplata</con:originalUri><con:credentials><con:authType>No Authorization</con:authType></con:credentials><con:jmsConfig JMSDeliveryMode="PERSISTENT"/><con:jmsPropertyConfig/><con:parameters><entry key="naziv" value="uplata" xmlns="http://eviware.com/soapui/config"/></con:parameters></con:request></con:method></con:resource><con:resource name="{pocetakNaziva}" path="/uslugaPocetnoSlovo/{pocetakNaziva}" id="34ec88d2-ab09-4adc-9066-69089ed13cab"><con:settings/><con:parameters><con:parameter><con:name>pocetakNaziva</con:name><con:value>pocetakNaziva</con:value><con:style>TEMPLATE</con:style><con:default>pocetakNaziva</con:default></con:parameter></con:parameters><con:method name="getUslugaByPSN" id="5c1934d1-9f54-4c8e-b147-7e66bce0a2d2" method="GET"><con:settings/><con:parameters/><con:representation type="RESPONSE"><con:mediaType>application/json</con:mediaType><con:status>200</con:status><con:params/><con:element>Response</con:element></con:representation><con:request name="Request 1" id="48040194-473a-49ce-b65b-01b1b80af426" mediaType="application/json"><con:settings><con:setting id="com.eviware.soapui.impl.wsdl.WsdlRequest@request-headers">&lt;xml-fragment/></con:setting></con:settings><con:endpoint>http://localhost:8081</con:endpoint><con:request/><con:originalUri>http://localhost/uslugaPocetnoSlovo/u</con:originalUri><con:credentials><con:authType>No Authorization</con:authType></con:credentials><con:jmsConfig JMSDeliveryMode="PERSISTENT"/><con:jmsPropertyConfig/><con:parameters><entry key="pocetakNaziva" value="i" xmlns="http://eviware.com/soapui/config"/></con:parameters></con:request></con:method></con:resource><con:resource name="{provizija}" path="/uslugaPoProvizijiManjoj/{provizija}" id="d010d6f7-9b78-4b94-899e-7bb72b1a38d3"><con:settings/><con:parameters><con:parameter><con:name>provizija</con:name><con:value>provizija</con:value><con:style>TEMPLATE</con:style><con:default>provizija</con:default></con:parameter></con:parameters><con:method name="getByProvizija" id="48441887-bf28-4705-bf9d-6bb4cc984e01" method="GET"><con:settings/><con:parameters/><con:representation type="FAULT"><con:mediaType>application/json</con:mediaType><con:status>500</con:status><con:params/><con:element xmlns:ns="http://localhost/uslugaPoProvizijiManjoj/200">ns:Fault</con:element></con:representation><con:representation type="RESPONSE"><con:mediaType xsi:nil="true"/><con:status>0</con:status><con:params/><con:element>data</con:element></con:representation><con:representation type="RESPONSE"><con:mediaType xsi:nil="true"/><con:status>0</con:status><con:params/><con:element>data</con:element></con:representation><con:representation type="RESPONSE"><con:mediaType xsi:nil="true"/><con:status>0</con:status><con:params/><con:element>data</con:element></con:representation><con:representation type="RESPONSE"><con:mediaType xsi:nil="true"/><con:status>0</con:status><con:params/><con:element>data</con:element></con:representation><con:representation type="RESPONSE"><con:mediaType xsi:nil="true"/><con:status>0</con:status><con:params/><con:element>data</con:element></con:representation><con:representation type="RESPONSE"><con:mediaType>application/json</con:mediaType><con:status>200</con:status><con:params/><con:element>Response</con:element></con:representation><con:request name="Request 1" id="f808702e-b10c-4162-b235-7fbdcd63b161" mediaType="application/json"><con:settings><con:setting id="com.eviware.soapui.impl.wsdl.WsdlRequest@request-headers">&lt;xml-fragment/></con:setting></con:settings><con:endpoint>http://localhost:8081</con:endpoint><con:request/><con:originalUri>http://localhost/uslugaPoProvizijiManjoj/200</con:originalUri><con:credentials><con:authType>No Authorization</con:authType></con:credentials><con:jmsConfig JMSDeliveryMode="PERSISTENT"/><con:jmsPropertyConfig/><con:parameters><entry key="provizija" value="30.00" xmlns="http://eviware.com/soapui/config"/></con:parameters></con:request></con:method></con:resource><con:resource name="{id}" path="/uslugaPoKorisniku/{id}" id="f9361040-9476-436c-9a4c-004b332bfd98"><con:settings/><con:parameters><con:parameter><con:name>id</con:name><con:value>id</con:value><con:style>TEMPLATE</con:style><con:default>id</con:default></con:parameter></con:parameters><con:method name="getUslugaByKorisnik" id="3b20c502-9b97-448a-96ca-2ad3e8d3a4de" method="GET"><con:settings/><con:parameters/><con:representation type="RESPONSE"><con:mediaType>application/json</con:mediaType><con:status>200</con:status><con:params/><con:element xmlns:ns="http://localhost/uslugaPoKorisniku/2">ns:Response</con:element></con:representation><con:representation type="FAULT"><con:mediaType>text/plain;charset=UTF-8</con:mediaType><con:status>404</con:status><con:params/><con:element>data</con:element></con:representation><con:request name="Request 1" id="658cd40b-0a0b-4091-afd8-b23e1cb064a4" mediaType="application/json"><con:settings><con:setting id="com.eviware.soapui.impl.wsdl.WsdlRequest@request-headers">&lt;xml-fragment/></con:setting></con:settings><con:endpoint>http://localhost:8081</con:endpoint><con:request/><con:originalUri>http://localhost/uslugaPoKorisniku/2</con:originalUri><con:credentials><con:authType>No Authorization</con:authType></con:credentials><con:jmsConfig JMSDeliveryMode="PERSISTENT"/><con:jmsPropertyConfig/><con:parameters><entry key="id" value="2" xmlns="http://eviware.com/soapui/config"/></con:parameters></con:request></con:method></con:resource></con:interface><con:testSuite id="f20f3c20-e0e5-43b6-babe-2f3149d79292" name="RVATestSuitBankaProjekat"><con:settings/><con:runType>SEQUENTIAL</con:runType><con:testCase id="b044e974-906c-4e12-b5e2-c589dc6c0069" failOnError="true" failTestCaseOnErrors="true" keepSession="false" maxResults="0" name="Banka" searchProperties="true"><con:settings/><con:testStep type="restrequest" name="AddBank - Request 1" id="54914d7a-3e64-438c-9c7b-f773b50b1630"><con:settings/><con:config service="http://localhost:8081" resourcePath="/banka" methodName="AddBank" xsi:type="con:RestRequestStep" xmlns:xsi="http://www.w3.org/2001/XMLSchema-instance"><con:restRequest name="AddBank - Request 1" id="0d888073-a09d-43ef-94f6-924f272d47cf" mediaType="application/json" postQueryString="false"><con:settings><con:setting id="com.eviware.soapui.impl.wsdl.WsdlRequest@request-headers">&lt;xml-fragment/></con:setting></con:settings><con:endpoint>http://localhost:8081</con:endpoint><con:request>    {
      "idBanke": 100,
      "nazivBanke": "Raffisen Banka",
      "kontaktBanke": "(381)11/2205-521",
      "pib": 100228784
   },</con:request><con:originalUri>http://localhost/banka</con:originalUri><con:assertion type="Valid HTTP Status Codes" id="a20bedba-ff18-4818-8c08-5778c72beec1" name="Valid HTTP Status Codes"><con:configuration><codes>200</codes></con:configuration></con:assertion><con:credentials><con:authType>No Authorization</con:authType></con:credentials><con:jmsConfig JMSDeliveryMode="PERSISTENT"/><con:jmsPropertyConfig/><con:parameters/></con:restRequest></con:config></con:testStep><con:testStep type="restrequest" name="getBankByID - Request 1" id="d2f5f1a2-758c-4d40-a262-b8403fa0ea8d"><con:settings/><con:config service="http://localhost:8081" resourcePath="/banka/{idBanke}" methodName="getBankByID" xsi:type="con:RestRequestStep" xmlns:xsi="http://www.w3.org/2001/XMLSchema-instance"><con:restRequest name="getBankByID - Request 1" id="53c39700-ba90-4007-bd36-5f33a039b239" mediaType="application/json"><con:settings><con:setting id="com.eviware.soapui.impl.wsdl.WsdlRequest@request-headers">&lt;xml-fragment/></con:setting></con:settings><con:endpoint>http://localhost:8081</con:endpoint><con:request/><con:originalUri>http://localhost/banka/2</con:originalUri><con:assertion type="Valid HTTP Status Codes" id="efdadce5-95bc-4e82-a6c3-1c91fb87223b" name="Valid HTTP Status Codes"><con:configuration><codes>200</codes></con:configuration></con:assertion><con:credentials><con:authType>No Authorization</con:authType></con:credentials><con:jmsConfig JMSDeliveryMode="PERSISTENT"/><con:jmsPropertyConfig/><con:parameters><entry key="idBanke" value="2" xmlns="http://eviware.com/soapui/config"/></con:parameters></con:restRequest></con:config></con:testStep><con:testStep type="restrequest" name="UpdateBank - Request 1" id="053222a0-a662-43d4-9bc1-5abf7ba830f8"><con:settings/><con:config service="http://localhost:8081" resourcePath="/banka/{idBanke}" methodName="UpdateBank" xsi:type="con:RestRequestStep" xmlns:xsi="http://www.w3.org/2001/XMLSchema-instance"><con:restRequest name="UpdateBank - Request 1" id="78442e38-1d44-42a4-9ddc-5b1ad4e0c9d2" mediaType="application/json" postQueryString="false"><con:settings><con:setting id="com.eviware.soapui.impl.wsdl.WsdlRequest@request-headers">&lt;xml-fragment/></con:setting></con:settings><con:endpoint>http://localhost:8081</con:endpoint><con:request>     {
      "idBanke": 2,
      "nazivBanke": "Ref Banka",
      "kontaktBanke": "(381)11/2205-500",
      "pib": 100228221
   },</con:request><con:originalUri>http://localhost/banka/5</con:originalUri><con:assertion type="Valid HTTP Status Codes" id="b330a045-641f-42d8-a09a-bcbc911af766" name="Valid HTTP Status Codes"><con:configuration><codes>200</codes></con:configuration></con:assertion><con:credentials><con:authType>No Authorization</con:authType></con:credentials><con:jmsConfig JMSDeliveryMode="PERSISTENT"/><con:jmsPropertyConfig/><con:parameters><entry key="idBanke" value="5" xmlns="http://eviware.com/soapui/config"/></con:parameters></con:restRequest></con:config></con:testStep><con:testStep type="restrequest" name="DeleteBank - Request 1" id="70784141-3b18-44a7-b2ac-85431cb02aa5"><con:settings/><con:config service="http://localhost:8081" resourcePath="/banka/{idBanke}" methodName="DeleteBank" xsi:type="con:RestRequestStep" xmlns:xsi="http://www.w3.org/2001/XMLSchema-instance"><con:restRequest name="DeleteBank - Request 1" id="db7e790a-de86-4f8b-bfb1-e51e13e7c75d" mediaType="application/json" postQueryString="false"><con:settings><con:setting id="com.eviware.soapui.impl.wsdl.WsdlRequest@request-headers">&lt;xml-fragment/></con:setting></con:settings><con:endpoint>http://localhost:8081</con:endpoint><con:request/><con:originalUri>http://localhost/banka/3</con:originalUri><con:assertion type="Valid HTTP Status Codes" id="52839e79-36ca-4189-9e74-d7d017693120" name="Valid HTTP Status Codes"><con:configuration><codes>200</codes></con:configuration></con:assertion><con:credentials><con:authType>No Authorization</con:authType></con:credentials><con:jmsConfig JMSDeliveryMode="PERSISTENT"/><con:jmsPropertyConfig/><con:parameters><entry key="idBanke" value="2" xmlns="http://eviware.com/soapui/config"/></con:parameters></con:restRequest></con:config></con:testStep><con:testStep type="restrequest" name="getBankByNazivBanke - Request 1" id="1f9b91d5-e538-42dd-bdae-c0c94d4b010c"><con:settings/><con:config service="http://localhost:8081" resourcePath="/bankaNaziv/{naziv}" methodName="getBankByNazivBanke" xsi:type="con:RestRequestStep" xmlns:xsi="http://www.w3.org/2001/XMLSchema-instance"><con:restRequest name="getBankByNazivBanke - Request 1" id="edd419e7-44ed-4eb7-b2fc-d8c310d0249c" mediaType="application/json"><con:settings><con:setting id="com.eviware.soapui.impl.wsdl.WsdlRequest@request-headers">&lt;xml-fragment/></con:setting></con:settings><con:endpoint>http://localhost:8081</con:endpoint><con:request/><con:originalUri>http://localhost/bankaNaziv/Adiko</con:originalUri><con:assertion type="Valid HTTP Status Codes" id="9f30e9cd-487a-43d7-ad48-1a68f9a98fc8" name="Valid HTTP Status Codes"><con:configuration><codes>200</codes></con:configuration></con:assertion><con:credentials><con:authType>No Authorization</con:authType></con:credentials><con:jmsConfig JMSDeliveryMode="PERSISTENT"/><con:jmsPropertyConfig/><con:parameters><entry key="naziv" value="Adiko" xmlns="http://eviware.com/soapui/config"/></con:parameters></con:restRequest></con:config></con:testStep><con:testStep type="restrequest" name="getBankByPocetnoSlovo - Request 1" id="c313c8bf-c0bd-4d9d-9ce1-4b5b25b5f3b9"><con:settings/><con:config service="http://localhost:8081" resourcePath="/bankaPocetnoSlovo/{pocetakNaziva}" methodName="getBankByPocetnoSlovo" xsi:type="con:RestRequestStep" xmlns:xsi="http://www.w3.org/2001/XMLSchema-instance"><con:restRequest name="getBankByPocetnoSlovo - Request 1" id="8b59d507-4240-4394-b4d0-06a5825bb539" mediaType="application/json"><con:settings><con:setting id="com.eviware.soapui.impl.wsdl.WsdlRequest@request-headers">&lt;xml-fragment/></con:setting></con:settings><con:endpoint>http://localhost:8081</con:endpoint><con:request/><con:originalUri>http://localhost/bankaPocetnoSlovo/a</con:originalUri><con:assertion type="Valid HTTP Status Codes" id="d998d3a9-ea98-4b4a-8448-13c98960f85a" name="Valid HTTP Status Codes"><con:configuration><codes>200</codes></con:configuration></con:assertion><con:credentials><con:authType>No Authorization</con:authType></con:credentials><con:jmsConfig JMSDeliveryMode="PERSISTENT"/><con:jmsPropertyConfig/><con:parameters><entry key="pocetakNaziva" value="a" xmlns="http://eviware.com/soapui/config"/></con:parameters></con:restRequest></con:config></con:testStep><con:testStep type="restrequest" name="getBanke - Request 1" id="beeb916d-3007-4360-a093-9c68e976064d"><con:settings/><con:config service="http://localhost:8081" resourcePath="/banka" methodName="getBanke" xsi:type="con:RestRequestStep" xmlns:xsi="http://www.w3.org/2001/XMLSchema-instance"><con:restRequest name="getBanke - Request 1" id="101b2ab3-6b45-4266-b249-a393890f4715" mediaType="application/json"><con:settings><con:setting id="com.eviware.soapui.impl.wsdl.WsdlRequest@request-headers">&lt;xml-fragment/></con:setting></con:settings><con:endpoint>http://localhost:8081</con:endpoint><con:request/><con:originalUri>http://localhost/banke</con:originalUri><con:assertion type="Valid HTTP Status Codes" id="0c98a6e7-fe17-4cbc-b8ba-452299db72b8" name="Valid HTTP Status Codes"><con:configuration><codes>200</codes></con:configuration></con:assertion><con:credentials><con:authType>No Authorization</con:authType></con:credentials><con:jmsConfig JMSDeliveryMode="PERSISTENT"/><con:jmsPropertyConfig/><con:parameters/></con:restRequest></con:config></con:testStep><con:properties/></con:testCase><con:testCase id="0fd07a47-8183-4f97-a31c-7b25c6dbdb8b" failOnError="true" failTestCaseOnErrors="true" keepSession="false" maxResults="0" name="Filijala" searchProperties="true"><con:settings/><con:testStep type="restrequest" name="getFilijala - Request 1" id="b67b5763-e65f-4999-8e8a-9a0a1e55c784"><con:settings/><con:config service="http://localhost:8081" resourcePath="/filijala" methodName="getFilijala" xsi:type="con:RestRequestStep" xmlns:xsi="http://www.w3.org/2001/XMLSchema-instance"><con:restRequest name="getFilijala - Request 1" id="c8fbabe3-4101-47ef-8208-3fa1e9772fdc" mediaType="application/json"><con:settings><con:setting id="com.eviware.soapui.impl.wsdl.WsdlRequest@request-headers">&lt;xml-fragment/></con:setting></con:settings><con:endpoint>http://localhost:8081</con:endpoint><con:request/><con:originalUri>http://localhost/filijala</con:originalUri><con:assertion type="Valid HTTP Status Codes" id="ef6ac4a6-28bb-40ea-b1a8-9d8469be1fba" name="Valid HTTP Status Codes"><con:configuration><codes>200</codes></con:configuration></con:assertion><con:credentials><con:authType>No Authorization</con:authType></con:credentials><con:jmsConfig JMSDeliveryMode="PERSISTENT"/><con:jmsPropertyConfig/><con:parameters/></con:restRequest></con:config></con:testStep><con:testStep type="restrequest" name="AddFilijala - Request 1" id="91762bda-3237-4368-8dc0-0d8da85938d8"><con:settings/><con:config service="http://localhost:8081" resourcePath="/filijala" methodName="AddFilijala" xsi:type="con:RestRequestStep" xmlns:xsi="http://www.w3.org/2001/XMLSchema-instance"><con:restRequest name="AddFilijala - Request 1" id="07b8a59b-415a-4d8b-868c-6022e83b2659" mediaType="application/json" postQueryString="false"><con:settings><con:setting id="com.eviware.soapui.impl.wsdl.WsdlRequest@request-headers">&lt;xml-fragment/></con:setting></con:settings><con:endpoint>http://localhost:8081</con:endpoint><con:request>{
"idFilijale": -100,
"adresaFilijale": "Novi Sad,Bulevar Oslobodjenja 132",
"brojPultova": 6,
"posjedujeSefa": true,
"banka": {
"idBanke": 3
}
}</con:request><con:originalUri>http://localhost/filijala</con:originalUri><con:assertion type="Valid HTTP Status Codes" id="774ba8b0-02bb-471d-be49-e7c78b291cc7" name="Valid HTTP Status Codes"><con:configuration><codes>200</codes></con:configuration></con:assertion><con:credentials><con:authType>No Authorization</con:authType></con:credentials><con:jmsConfig JMSDeliveryMode="PERSISTENT"/><con:jmsPropertyConfig/><con:parameters/></con:restRequest></con:config></con:testStep><con:testStep type="restrequest" name="getFilijalaById - Request 1" id="81c9ac39-928f-4e03-9945-9ad8b703a02f"><con:settings/><con:config service="http://localhost:8081" resourcePath="/filijala/{idFilijale}" methodName="getFilijalaById" xsi:type="con:RestRequestStep" xmlns:xsi="http://www.w3.org/2001/XMLSchema-instance"><con:restRequest name="getFilijalaById - Request 1" id="00c561e6-4f8e-4f6b-b0a4-6c4f16f444ab" mediaType="application/json"><con:settings><con:setting id="com.eviware.soapui.impl.wsdl.WsdlRequest@request-headers">&lt;xml-fragment/></con:setting></con:settings><con:endpoint>http://localhost:8081</con:endpoint><con:request/><con:originalUri>http://localhost/filijala/2</con:originalUri><con:assertion type="Valid HTTP Status Codes" id="bed427c6-c4cf-4189-9bf1-d73fd5d5d8d0" name="Valid HTTP Status Codes"><con:configuration><codes>200</codes></con:configuration></con:assertion><con:credentials><con:authType>No Authorization</con:authType></con:credentials><con:jmsConfig JMSDeliveryMode="PERSISTENT"/><con:jmsPropertyConfig/><con:parameters><entry key="idFilijale" value="2" xmlns="http://eviware.com/soapui/config"/></con:parameters></con:restRequest></con:config></con:testStep><con:testStep type="restrequest" name="DeleteFilijala - Request 1" id="fd7967ed-3f33-4cf6-b8fc-b990a5b6d08a"><con:settings/><con:config service="http://localhost:8081" resourcePath="/filijala/{idFilijale}" methodName="DeleteFilijala" xsi:type="con:RestRequestStep" xmlns:xsi="http://www.w3.org/2001/XMLSchema-instance"><con:restRequest name="DeleteFilijala - Request 1" id="c986ff21-cd40-42ab-8bdf-d778702465f6" mediaType="application/json" postQueryString="false"><con:settings><con:setting id="com.eviware.soapui.impl.wsdl.WsdlRequest@request-headers">&lt;xml-fragment/></con:setting></con:settings><con:endpoint>http://localhost:8081</con:endpoint><con:request/><con:originalUri>http://localhost/filijala/2</con:originalUri><con:assertion type="Valid HTTP Status Codes" id="1d559f0c-5555-45d8-b7f0-857e4c5bc33e" name="Valid HTTP Status Codes"><con:configuration><codes>200</codes></con:configuration></con:assertion><con:credentials><con:authType>No Authorization</con:authType></con:credentials><con:jmsConfig JMSDeliveryMode="PERSISTENT"/><con:jmsPropertyConfig/><con:parameters><entry key="idFilijale" value="3" xmlns="http://eviware.com/soapui/config"/></con:parameters></con:restRequest></con:config></con:testStep><con:testStep type="restrequest" name="getFilijalaByAdresa - Request 1" id="7baa18f0-258f-4a13-a67b-e733102e53f2"><con:settings/><con:config service="http://localhost:8081" resourcePath="/filijalaAdresa/{adresa}" methodName="getFilijalaByAdresa" xsi:type="con:RestRequestStep" xmlns:xsi="http://www.w3.org/2001/XMLSchema-instance"><con:restRequest name="getFilijalaByAdresa - Request 1" id="dcda5821-9718-447c-bfc5-cdd34891459a" mediaType="application/json"><con:settings><con:setting id="com.eviware.soapui.impl.wsdl.WsdlRequest@request-headers">&lt;xml-fragment/></con:setting></con:settings><con:endpoint>http://localhost:8081</con:endpoint><con:request/><con:originalUri>http://localhost/filijalaAdresa/Novi%20Sad</con:originalUri><con:assertion type="Valid HTTP Status Codes" id="1acb5c10-3a3a-457a-abd5-b3d4fcd8aee8" name="Valid HTTP Status Codes"><con:configuration><codes>200</codes></con:configuration></con:assertion><con:credentials><con:authType>No Authorization</con:authType></con:credentials><con:jmsConfig JMSDeliveryMode="PERSISTENT"/><con:jmsPropertyConfig/><con:parameters><entry key="adresa" value="Novi Sad" xmlns="http://eviware.com/soapui/config"/></con:parameters></con:restRequest></con:config></con:testStep><con:testStep type="restrequest" name="UpdateFilijala - Request 1" id="005a5e5f-6581-445f-a86a-c27409497eae"><con:settings/><con:config service="http://localhost:8081" resourcePath="/filijala/{idFilijale}" methodName="UpdateFilijala" xsi:type="con:RestRequestStep" xmlns:xsi="http://www.w3.org/2001/XMLSchema-instance"><con:restRequest name="UpdateFilijala - Request 1" id="c130a946-3f64-4fa5-bb8a-1bd54177e0e5" mediaType="application/json" postQueryString="false"><con:settings><con:setting id="com.eviware.soapui.impl.wsdl.WsdlRequest@request-headers">&lt;xml-fragment/></con:setting></con:settings><con:endpoint>http://localhost:8081</con:endpoint><con:request>{
"idFilijale": 5,
"adresaFilijale": "Novi Sad,Bulevar Oslobodjenja 132",
"brojPultova": 10,
"posjedujeSefa": true,
"banka": {
"idBanke": 1
}
}</con:request><con:originalUri>http://localhost/filijala/2</con:originalUri><con:assertion type="Valid HTTP Status Codes" id="5be122e6-2c4d-4567-9a77-0aac87cdef32" name="Valid HTTP Status Codes"><con:configuration><codes>200</codes></con:configuration></con:assertion><con:credentials><con:authType>No Authorization</con:authType></con:credentials><con:jmsConfig JMSDeliveryMode="PERSISTENT"/><con:jmsPropertyConfig/><con:parameters><entry key="idFilijale" value="1" xmlns="http://eviware.com/soapui/config"/></con:parameters></con:restRequest></con:config></con:testStep><con:testStep type="restrequest" name="getFilijalaByPocetnoSlovoAdrese - Request 1" id="40159bb1-d7ca-4851-bae3-ec95902c8c6e"><con:settings/><con:config service="http://localhost:8081" resourcePath="/filijalaPocetnoSlovo/{pocetakAdresa}" methodName="getFilijalaByPocetnoSlovoAdrese" xsi:type="con:RestRequestStep" xmlns:xsi="http://www.w3.org/2001/XMLSchema-instance"><con:restRequest name="getFilijalaByPocetnoSlovoAdrese - Request 1" id="d8c38021-ddf2-4e06-9003-9d5dcdda0a68" mediaType="application/json"><con:settings><con:setting id="com.eviware.soapui.impl.wsdl.WsdlRequest@request-headers">&lt;xml-fragment/></con:setting></con:settings><con:endpoint>http://localhost:8081</con:endpoint><con:request/><con:originalUri>http://localhost/filijalaPocetnoSlovo/N</con:originalUri><con:assertion type="Valid HTTP Status Codes" id="0705bfef-ee41-426f-98ab-d5f3ba9e6c1d" name="Valid HTTP Status Codes"><con:configuration><codes>200</codes></con:configuration></con:assertion><con:credentials><con:authType>No Authorization</con:authType></con:credentials><con:jmsConfig JMSDeliveryMode="PERSISTENT"/><con:jmsPropertyConfig/><con:parameters><entry key="pocetakAdresa" value="N" xmlns="http://eviware.com/soapui/config"/></con:parameters></con:restRequest></con:config></con:testStep><con:properties/></con:testCase><con:testCase id="8a183980-8990-4d44-b385-3a416cd91d92" failOnError="true" failTestCaseOnErrors="true" keepSession="false" maxResults="0" name="Korisnik" searchProperties="true"><con:settings/><con:testStep type="restrequest" name="getAllKorisnik - Request 1" id="564df456-fbcd-407f-9b20-6543e703a3fc"><con:settings/><con:config service="http://localhost:8081" resourcePath="/korisnik" methodName="getAllKorisnik" xsi:type="con:RestRequestStep" xmlns:xsi="http://www.w3.org/2001/XMLSchema-instance"><con:restRequest name="getAllKorisnik - Request 1" id="21a01e14-6b79-4ce9-ae50-6771878c1b6b" mediaType="application/json"><con:settings/><con:endpoint>http://localhost:8081</con:endpoint><con:request/><con:originalUri>http://localhost/korisnik</con:originalUri><con:assertion type="Valid HTTP Status Codes" id="c77c67c7-97c9-4464-943c-18046db850f3" name="Valid HTTP Status Codes"><con:configuration><codes>200</codes></con:configuration></con:assertion><con:credentials><con:authType>No Authorization</con:authType></con:credentials><con:jmsConfig JMSDeliveryMode="PERSISTENT"/><con:jmsPropertyConfig/><con:parameters/></con:restRequest></con:config></con:testStep><con:testStep type="restrequest" name="getKorisnikByID - Request 1" id="c1657560-b861-4a9f-8388-1c1c10631f85"><con:settings/><con:config service="http://localhost:8081" resourcePath="/korisnik/{idKorisnika}" methodName="getKorisnikByID" xsi:type="con:RestRequestStep" xmlns:xsi="http://www.w3.org/2001/XMLSchema-instance"><con:restRequest name="getKorisnikByID - Request 1" id="607a1f2a-5121-4454-a4d7-9e7c0f592476" mediaType="application/json"><con:settings><con:setting id="com.eviware.soapui.impl.wsdl.WsdlRequest@request-headers">&lt;xml-fragment/></con:setting></con:settings><con:endpoint>http://localhost:8081</con:endpoint><con:request/><con:originalUri>http://localhost/korisnik/idKorisnika</con:originalUri><con:assertion type="Valid HTTP Status Codes" id="3dc2af9e-5ca1-4234-b5fa-62135764e343" name="Valid HTTP Status Codes"><con:configuration><codes>200</codes></con:configuration></con:assertion><con:credentials><con:authType>No Authorization</con:authType></con:credentials><con:jmsConfig JMSDeliveryMode="PERSISTENT"/><con:jmsPropertyConfig/><con:parameters><entry key="idKorisnika" value="2" xmlns="http://eviware.com/soapui/config"/></con:parameters></con:restRequest></con:config></con:testStep><con:testStep type="restrequest" name="getKorisnikByIme - Request 1" id="6707b937-fbc3-4168-81b8-87320a50d06d"><con:settings/><con:config service="http://localhost:8081" resourcePath="/imeKorisnika/{ime}" methodName="getKorisnikByIme" xsi:type="con:RestRequestStep" xmlns:xsi="http://www.w3.org/2001/XMLSchema-instance"><con:restRequest name="getKorisnikByIme - Request 1" id="95f3e411-2d93-4a29-8b16-86dae97a832c" mediaType="application/json"><con:settings><con:setting id="com.eviware.soapui.impl.wsdl.WsdlRequest@request-headers">&lt;xml-fragment/></con:setting></con:settings><con:endpoint>http://localhost:8081</con:endpoint><con:request/><con:originalUri>http://localhost/imeKorisnika/ime</con:originalUri><con:assertion type="Valid HTTP Status Codes" id="416d2148-60a3-4a7d-adb8-85d90edd994f" name="Valid HTTP Status Codes"><con:configuration><codes>200</codes></con:configuration></con:assertion><con:credentials><con:authType>No Authorization</con:authType></con:credentials><con:jmsConfig JMSDeliveryMode="PERSISTENT"/><con:jmsPropertyConfig/><con:parameters><entry key="ime" value="Irinej" xmlns="http://eviware.com/soapui/config"/></con:parameters></con:restRequest></con:config></con:testStep><con:testStep type="restrequest" name="getKorisnikByPSI - Request 1" id="f46834ab-a5d8-4d5a-b0e6-d91f1f7a7f62"><con:settings/><con:config service="http://localhost:8081" resourcePath="/korisnikPocetnoSlovo/{pocetakImena}" methodName="getKorisnikByPSI" xsi:type="con:RestRequestStep" xmlns:xsi="http://www.w3.org/2001/XMLSchema-instance"><con:restRequest name="getKorisnikByPSI - Request 1" id="ee9f5eeb-f96a-4dfe-b2ae-8518e5734cbe" mediaType="application/json"><con:settings><con:setting id="com.eviware.soapui.impl.wsdl.WsdlRequest@request-headers">&lt;xml-fragment/></con:setting></con:settings><con:endpoint>http://localhost:8081</con:endpoint><con:request/><con:originalUri>http://localhost/korisnikPocetnoSlovo/pocetakImena</con:originalUri><con:assertion type="Valid HTTP Status Codes" id="b939c5b7-82c3-4903-be8f-2d7a6e15afd1" name="Valid HTTP Status Codes"><con:configuration><codes>200</codes></con:configuration></con:assertion><con:credentials><con:authType>No Authorization</con:authType></con:credentials><con:jmsConfig JMSDeliveryMode="PERSISTENT"/><con:jmsPropertyConfig/><con:parameters><entry key="pocetakImena" value="I" xmlns="http://eviware.com/soapui/config"/></con:parameters></con:restRequest></con:config></con:testStep><con:testStep type="restrequest" name="addKorisnik - Request 1" id="6c9aae25-c6d5-415f-9cdb-e47c21c4ce7a"><con:settings/><con:config service="http://localhost:8081" resourcePath="/korisnik" methodName="addKorisnik" xsi:type="con:RestRequestStep" xmlns:xsi="http://www.w3.org/2001/XMLSchema-instance"><con:restRequest name="addKorisnik - Request 1" id="c93e27fa-e34d-4ada-a809-f3a7f180ce3d" mediaType="application/json" postQueryString="false"><con:settings><con:setting id="com.eviware.soapui.impl.wsdl.WsdlRequest@request-headers">&lt;xml-fragment/></con:setting></con:settings><con:endpoint>http://localhost:8081</con:endpoint><con:request> {
      "imeKorisnika": "Pedja",
      "prezimKorisnika": "Kuzman",
      "maticniBroj": "1705001153230",
      "idKorisnika": -100
 }</con:request><con:originalUri>http://localhost/korisnik</con:originalUri><con:assertion type="Valid HTTP Status Codes" id="85134149-cd5f-497f-be69-a9c3134ecda8" name="Valid HTTP Status Codes"><con:configuration><codes>200</codes></con:configuration></con:assertion><con:credentials><con:authType>No Authorization</con:authType></con:credentials><con:jmsConfig JMSDeliveryMode="PERSISTENT"/><con:jmsPropertyConfig/><con:parameters/></con:restRequest></con:config></con:testStep><con:testStep type="restrequest" name="UpdateKorisnik - Request 1" id="9b901330-d86f-4050-bd18-42678a4b1420"><con:settings/><con:config service="http://localhost:8081" resourcePath="/korisnik/{idKorisnika}" methodName="UpdateKorisnik" xsi:type="con:RestRequestStep" xmlns:xsi="http://www.w3.org/2001/XMLSchema-instance"><con:restRequest name="UpdateKorisnik - Request 1" id="a8484d2b-ca35-47fa-ba14-028d98fdf547" mediaType="application/json" postQueryString="false"><con:settings><con:setting id="com.eviware.soapui.impl.wsdl.WsdlRequest@request-headers">&lt;xml-fragment/></con:setting></con:settings><con:endpoint>http://localhost:8081</con:endpoint><con:request> {
      "imeKorisnika": "Andrija",
      "prezimKorisnika": "Kuzman",
      "maticniBroj": "1705001152133",
      "idKorisnika": 2
 }</con:request><con:originalUri>http://localhost/korisnik/4</con:originalUri><con:assertion type="Valid HTTP Status Codes" id="4077e240-1020-4c4e-9254-11bafceefcd8" name="Valid HTTP Status Codes"><con:configuration><codes>200</codes></con:configuration></con:assertion><con:credentials><con:authType>No Authorization</con:authType></con:credentials><con:jmsConfig JMSDeliveryMode="PERSISTENT"/><con:jmsPropertyConfig/><con:parameters><entry key="idKorisnika" value="4" xmlns="http://eviware.com/soapui/config"/></con:parameters></con:restRequest></con:config></con:testStep><con:testStep type="restrequest" name="DeleteKorisnik - Request 1" id="67b94d50-f524-4d56-941c-731d73eed507"><con:settings/><con:config service="http://localhost:8081" resourcePath="/korisnik/{idKorisnika}" methodName="DeleteKorisnik" xsi:type="con:RestRequestStep" xmlns:xsi="http://www.w3.org/2001/XMLSchema-instance"><con:restRequest name="DeleteKorisnik - Request 1" id="a2351e77-e73a-40f4-9d91-6a2cfaf4ba77" mediaType="application/json" postQueryString="false"><con:settings><con:setting id="com.eviware.soapui.impl.wsdl.WsdlRequest@request-headers">&lt;xml-fragment/></con:setting></con:settings><con:endpoint>http://localhost:8081</con:endpoint><con:request/><con:originalUri>http://localhost/korisnik/5</con:originalUri><con:assertion type="Valid HTTP Status Codes" id="b89d402a-beef-437a-be66-907402d6d608" name="Valid HTTP Status Codes"><con:configuration><codes>200</codes></con:configuration></con:assertion><con:credentials><con:authType>No Authorization</con:authType></con:credentials><con:jmsConfig JMSDeliveryMode="PERSISTENT"/><con:jmsPropertyConfig/><con:parameters><entry key="idKorisnika" value="5" xmlns="http://eviware.com/soapui/config"/></con:parameters></con:restRequest></con:config></con:testStep><con:properties/></con:testCase><con:testCase id="b77abbd5-5918-450f-ae8b-bcc24e35def5" failOnError="true" failTestCaseOnErrors="true" keepSession="false" maxResults="0" name="Usluga" searchProperties="true"><con:settings/><con:testStep type="restrequest" name="getAllUsluga - Request 1" id="f7164594-967c-4d64-9a38-8ffbbeffa72a"><con:settings/><con:config service="http://localhost:8081" resourcePath="/usluga" methodName="getAllUsluga" xsi:type="con:RestRequestStep" xmlns:xsi="http://www.w3.org/2001/XMLSchema-instance"><con:restRequest name="getAllUsluga - Request 1" id="8e189577-3ca5-4a87-821a-895c41a53248" mediaType="application/json"><con:settings><con:setting id="com.eviware.soapui.impl.wsdl.WsdlRequest@request-headers">&lt;xml-fragment/></con:setting></con:settings><con:endpoint>http://localhost:8081</con:endpoint><con:request/><con:originalUri>http://localhost/usluga</con:originalUri><con:assertion type="Valid HTTP Status Codes" id="fc922a1f-ade3-4671-9286-44b9579a947d" name="Valid HTTP Status Codes"><con:configuration><codes>200</codes></con:configuration></con:assertion><con:credentials><con:authType>No Authorization</con:authType></con:credentials><con:jmsConfig JMSDeliveryMode="PERSISTENT"/><con:jmsPropertyConfig/><con:parameters/></con:restRequest></con:config></con:testStep><con:testStep type="restrequest" name="getUslugaByID - Request 1" id="5481ee16-2e93-4ca4-b05e-7d82402d8330"><con:settings/><con:config service="http://localhost:8081" resourcePath="/usluga/{idUsluge}" methodName="getUslugaByID" xsi:type="con:RestRequestStep" xmlns:xsi="http://www.w3.org/2001/XMLSchema-instance"><con:restRequest name="getUslugaByID - Request 1" id="7c04984e-711a-4d77-9ea9-5e1259567429" mediaType="application/json"><con:settings><con:setting id="com.eviware.soapui.impl.wsdl.WsdlRequest@request-headers">&lt;xml-fragment/></con:setting></con:settings><con:endpoint>http://localhost:8081</con:endpoint><con:request/><con:originalUri>http://localhost/usluga/1</con:originalUri><con:assertion type="Valid HTTP Status Codes" id="e08cdb28-ae06-4c83-b469-373dffb85bbd" name="Valid HTTP Status Codes"><con:configuration><codes>200</codes></con:configuration></con:assertion><con:credentials><con:authType>No Authorization</con:authType></con:credentials><con:jmsConfig JMSDeliveryMode="PERSISTENT"/><con:jmsPropertyConfig/><con:parameters><entry key="idUsluge" value="2" xmlns="http://eviware.com/soapui/config"/></con:parameters></con:restRequest></con:config></con:testStep><con:testStep type="restrequest" name="getUslugaByNaziv - Request 1" id="62d78b85-0c69-412f-8956-92a1b40c5554"><con:settings/><con:config service="http://localhost:8081" resourcePath="/uslugaNaziv/{naziv}" methodName="getUslugaByNaziv" xsi:type="con:RestRequestStep" xmlns:xsi="http://www.w3.org/2001/XMLSchema-instance"><con:restRequest name="getUslugaByNaziv - Request 1" id="13a750b2-1036-4030-adab-dfa15bd0cfcf" mediaType="application/json"><con:settings><con:setting id="com.eviware.soapui.impl.wsdl.WsdlRequest@request-headers">&lt;xml-fragment/></con:setting></con:settings><con:endpoint>http://localhost:8081</con:endpoint><con:request/><con:originalUri>http://localhost/uslugaNaziv/uplata</con:originalUri><con:assertion type="Valid HTTP Status Codes" id="7e7c4860-4986-4d4f-ac33-a0b8a8577ae1" name="Valid HTTP Status Codes"><con:configuration><codes>200</codes></con:configuration></con:assertion><con:credentials><con:authType>No Authorization</con:authType></con:credentials><con:jmsConfig JMSDeliveryMode="PERSISTENT"/><con:jmsPropertyConfig/><con:parameters><entry key="naziv" value="uplata" xmlns="http://eviware.com/soapui/config"/></con:parameters></con:restRequest></con:config></con:testStep><con:testStep type="restrequest" name="getUslugaByPSN - Request 1" id="019624e7-e67a-48bc-9ca3-645894d0f31c"><con:settings/><con:config service="http://localhost:8081" resourcePath="/uslugaPocetnoSlovo/{pocetakNaziva}" methodName="getUslugaByPSN" xsi:type="con:RestRequestStep" xmlns:xsi="http://www.w3.org/2001/XMLSchema-instance"><con:restRequest name="getUslugaByPSN - Request 1" id="48040194-473a-49ce-b65b-01b1b80af426" mediaType="application/json"><con:settings><con:setting id="com.eviware.soapui.impl.wsdl.WsdlRequest@request-headers">&lt;xml-fragment/></con:setting></con:settings><con:endpoint>http://localhost:8081</con:endpoint><con:request/><con:originalUri>http://localhost/uslugaPocetnoSlovo/u</con:originalUri><con:assertion type="Valid HTTP Status Codes" id="133c5e06-5276-4f99-9971-14e1bc088797" name="Valid HTTP Status Codes"><con:configuration><codes>200</codes></con:configuration></con:assertion><con:credentials><con:authType>No Authorization</con:authType></con:credentials><con:jmsConfig JMSDeliveryMode="PERSISTENT"/><con:jmsPropertyConfig/><con:parameters><entry key="pocetakNaziva" value="i" xmlns="http://eviware.com/soapui/config"/></con:parameters></con:restRequest></con:config></con:testStep><con:testStep type="restrequest" name="AddUsluga - Request 1" id="a67890ca-1c0e-4361-9339-21294608d0a2"><con:settings/><con:config service="http://localhost:8081" resourcePath="/usluga" methodName="AddUsluga" xsi:type="con:RestRequestStep" xmlns:xsi="http://www.w3.org/2001/XMLSchema-instance"><con:restRequest name="AddUsluga - Request 1" id="951263e9-a73f-472e-88d2-97afe8c8c7fb" mediaType="application/json" postQueryString="false"><con:settings><con:setting id="com.eviware.soapui.impl.wsdl.WsdlRequest@request-headers">&lt;xml-fragment/></con:setting></con:settings><con:endpoint>http://localhost:8081</con:endpoint><con:request> {
      "idUsluge": -100,
      "nazivUsluge": "Uplata",
      "opisUsluge": "Placanje rezija",
      "datumUgovora": "2023-03-10",
      "provizija": 180,
      "filijala":       {
         "idFilijale": 5,
         "adresaFilijale": "Novi Sad,Danila Kisa 4",
         "brojPultova": 2,
         "posjedujeSefa": false,
         "banka":          {
            "idBanke": 1,
            "nazivBanke": "Adiko Banka",
            "kontaktBanke": "(381)11 222-600",
            "pib": 100228212
         }
      }
}</con:request><con:originalUri>http://localhost/usluga</con:originalUri><con:assertion type="Valid HTTP Status Codes" id="55b3a603-bec2-4cec-8e98-112ebff24485" name="Valid HTTP Status Codes"><con:configuration><codes>200</codes></con:configuration></con:assertion><con:credentials><con:authType>No Authorization</con:authType></con:credentials><con:jmsConfig JMSDeliveryMode="PERSISTENT"/><con:jmsPropertyConfig/><con:parameters/></con:restRequest></con:config></con:testStep><con:testStep type="restrequest" name="UpdateUsluga - Request 1" id="d66600df-06a3-4ede-a80d-801fe5617c28"><con:settings/><con:config service="http://localhost:8081" resourcePath="/usluga/{idUsluge}" methodName="UpdateUsluga" xsi:type="con:RestRequestStep" xmlns:xsi="http://www.w3.org/2001/XMLSchema-instance"><con:restRequest name="UpdateUsluga - Request 1" id="19b025b7-764b-4437-9d13-89c6109dec46" mediaType="application/json" postQueryString="false"><con:settings><con:setting id="com.eviware.soapui.impl.wsdl.WsdlRequest@request-headers">&lt;xml-fragment/></con:setting></con:settings><con:endpoint>http://localhost:8081</con:endpoint><con:request>  {
      "idUsluge": 5,
      "nazivUsluge": "Isplata",
      "opisUsluge": "Isplata novca sa racuna",
      "datumUgovora": "2023-02-13",
      "provizija": 120,
      "filijala":       {
         "idFilijale": 2,
         "adresaFilijale": "Novi Sad,Nikole Tesle 12",
         "brojPultova": 4,
         "posjedujeSefa": true,
         "banka":          {
            "idBanke": 4,
            "nazivBanke": "Banka Intesa",
            "kontaktBanke": "(381)11/2011-200",
            "pib": 100228352
         }
      },
      "korisnik":       {
         "imeKorisnika": "Andrija",
         "prezimKorisnika": "Kuzman",
         "maticniBroj": "1705001152133",
         "idKorisnika": 4
      }
  }</con:request><con:originalUri>http://localhost/usluga/8</con:originalUri><con:assertion type="Valid HTTP Status Codes" id="a0908a6a-b0a3-45e9-ac22-571374c86237" name="Valid HTTP Status Codes"><con:configuration><codes>200</codes></con:configuration></con:assertion><con:credentials><con:authType>No Authorization</con:authType></con:credentials><con:jmsConfig JMSDeliveryMode="PERSISTENT"/><con:jmsPropertyConfig/><con:parameters><entry key="idUsluge" value="5" xmlns="http://eviware.com/soapui/config"/></con:parameters></con:restRequest></con:config></con:testStep><con:testStep type="restrequest" name="DeleteUsluga - Request 1" id="6dd57c69-0dd2-4a98-9779-b52af4284bb9"><con:settings/><con:config service="http://localhost:8081" resourcePath="/usluga/{idUsluge}" methodName="DeleteUsluga" xsi:type="con:RestRequestStep" xmlns:xsi="http://www.w3.org/2001/XMLSchema-instance"><con:restRequest name="DeleteUsluga - Request 1" id="3e19fcbb-00d8-4345-82d1-96fdb49b1145" mediaType="application/json" postQueryString="false"><con:settings><con:setting id="com.eviware.soapui.impl.wsdl.WsdlRequest@request-headers">&lt;xml-fragment/></con:setting></con:settings><con:endpoint>http://localhost:8081</con:endpoint><con:request/><con:originalUri>http://localhost/usluga/11</con:originalUri><con:assertion type="Valid HTTP Status Codes" id="b8b06d1d-3a9f-4d00-9747-8955f122dc37" name="Valid HTTP Status Codes"><con:configuration><codes>200</codes></con:configuration></con:assertion><con:credentials><con:authType>No Authorization</con:authType></con:credentials><con:jmsConfig JMSDeliveryMode="PERSISTENT"/><con:jmsPropertyConfig/><con:parameters><entry key="idUsluge" value="2" xmlns="http://eviware.com/soapui/config"/></con:parameters></con:restRequest></con:config></con:testStep><con:testStep type="restrequest" name="getUslugaByKorisnik - Request 1" id="7fb913bb-e597-47ab-ae65-bffeac2c604b"><con:settings/><con:config service="http://localhost:8081" resourcePath="/uslugaPoKorisniku/{id}" methodName="getUslugaByKorisnik" xsi:type="con:RestRequestStep" xmlns:xsi="http://www.w3.org/2001/XMLSchema-instance"><con:restRequest name="getUslugaByKorisnik - Request 1" id="658cd40b-0a0b-4091-afd8-b23e1cb064a4" mediaType="application/json"><con:settings><con:setting id="com.eviware.soapui.impl.wsdl.WsdlRequest@request-headers">&lt;xml-fragment/></con:setting></con:settings><con:endpoint>http://localhost:8081</con:endpoint><con:request/><con:originalUri>http://localhost/uslugaPoKorisniku/2</con:originalUri><con:assertion type="Valid HTTP Status Codes" id="25ec839c-9ff1-4369-976c-70f16337388f" name="Valid HTTP Status Codes"><con:configuration><codes>200</codes></con:configuration></con:assertion><con:credentials><con:authType>No Authorization</con:authType></con:credentials><con:jmsConfig JMSDeliveryMode="PERSISTENT"/><con:jmsPropertyConfig/><con:parameters><entry key="id" value="4" xmlns="http://eviware.com/soapui/config"/></con:parameters></con:restRequest></con:config></con:testStep><con:testStep type="restrequest" name="getByProvizija - Request 1" id="0e7573a6-0cb7-47b2-80fd-577a8107c51a"><con:settings/><con:config service="http://localhost:8081" resourcePath="/uslugaPoProvizijiManjoj/{provizija}" methodName="getByProvizija" xsi:type="con:RestRequestStep" xmlns:xsi="http://www.w3.org/2001/XMLSchema-instance"><con:restRequest name="getByProvizija - Request 1" id="f808702e-b10c-4162-b235-7fbdcd63b161" mediaType="application/json"><con:settings><con:setting id="com.eviware.soapui.impl.wsdl.WsdlRequest@request-headers">&lt;xml-fragment/></con:setting></con:settings><con:endpoint>http://localhost:8081</con:endpoint><con:request/><con:originalUri>http://localhost/uslugaPoProvizijiManjoj/200</con:originalUri><con:credentials><con:authType>No Authorization</con:authType></con:credentials><con:jmsConfig JMSDeliveryMode="PERSISTENT"/><con:jmsPropertyConfig/><con:parameters><entry key="provizija" value="30" xmlns="http://eviware.com/soapui/config"/></con:parameters></con:restRequest></con:config></con:testStep><con:properties/></con:testCase><con:properties/></con:testSuite><con:properties/><con:wssContainer/><con:oAuth2ProfileContainer/><con:oAuth1ProfileContainer/></con:soapui-project>